Name;Description;Vendor;System;Topics;Versions;Environments;Requires IP/Port;Prompt;Command;Note;Purpose;When to use;Notes;Shell;Risk Level;Source URL
Ajuda contextual;Mostra comandos, opções ou parâmetros disponíveis no ponto atual do CLI;Fortinet;FortiOS;CLI Basics;FortiOS 7.2.x, 7.4.x, 7.6.x (validar sintaxe em 8.x quando aplicável);Standalone, HA, VDOM, SD-WAN, FortiGate VM, FortiManager-managed;Não;FGT #;?;;Descobrir sintaxe disponível no equipamento real.;Quando a documentação não deixa claro se um comando/opção existe no modelo ou versão.;"A Fortinet informa que nem todos os comandos/opções existem em todos os modelos; use ? para validar no próprio equipamento.";FortiOS CLI;Baixo;https://docs.fortinet.com/document/fortigate/7.6.6/cli-reference/84566/fortios-cli-reference
Árvore completa de comandos;Mostra a árvore de comandos do FortiOS;Fortinet;FortiOS;CLI Basics;FortiOS 7.2.x, 7.4.x, 7.6.x (validar sintaxe em 8.x quando aplicável);Standalone, HA, VDOM, SD-WAN, FortiGate VM, FortiManager-managed;Não;FGT #;tree;;Listar todos os comandos disponíveis no FortiGate.;Auditoria, comparação entre versões/modelos ou descoberta de comandos.;A saída é muito grande. Capture em terminal como PuTTY quando necessário.;FortiOS CLI;Baixo;https://docs.fortinet.com/document/fortigate/7.6.6/cli-reference/84566/fortios-cli-reference
Árvore de comandos diagnose;Mostra todos os comandos diagnose disponíveis;Fortinet;FortiOS;CLI Basics;FortiOS 7.2.x, 7.4.x, 7.6.x (validar sintaxe em 8.x quando aplicável);Standalone, HA, VDOM, SD-WAN, FortiGate VM, FortiManager-managed;Não;FGT #;tree diagnose;;Descobrir comandos de diagnóstico disponíveis.;Quando se precisa localizar comando de debug/troubleshooting.;A disponibilidade varia por build/modelo/blade.;FortiOS CLI;Baixo;https://docs.fortinet.com/document/fortigate/7.6.6/cli-reference/84566/fortios-cli-reference
Árvore de comandos execute;Mostra todos os comandos execute disponíveis;Fortinet;FortiOS;CLI Basics;FortiOS 7.2.x, 7.4.x, 7.6.x (validar sintaxe em 8.x quando aplicável);Standalone, HA, VDOM, SD-WAN, FortiGate VM, FortiManager-managed;Não;FGT #;tree execute;;Descobrir comandos operacionais de execução única.;Quando se precisa localizar ações como ping, traceroute, backup ou reboot.;Use com cuidado nos comandos execute destrutivos.;FortiOS CLI;Baixo;https://docs.fortinet.com/document/fortigate/7.6.6/cli-reference/84566/fortios-cli-reference
Exibir configuração salva;Mostra a configuração salva do contexto atual;Fortinet;FortiOS;Configuration;FortiOS 7.2.x, 7.4.x, 7.6.x (validar sintaxe em 8.x quando aplicável);Standalone, HA, VDOM, SD-WAN, FortiGate VM, FortiManager-managed;Não;FGT #;show;;Ver a configuração gravada no contexto atual ou global.;Auditoria, revisão de mudança ou backup textual parcial.;Em VDOM, garanta o contexto correto antes de executar.;FortiOS CLI;Baixo;https://docs.fortinet.com/document/fortigate/7.2.11/cli-reference/84566/fortios-cli-reference
Exibir configuração completa;Mostra configuração incluindo valores padrão;Fortinet;FortiOS;Configuration;FortiOS 7.2.x, 7.4.x, 7.6.x (validar sintaxe em 8.x quando aplicável);Standalone, HA, VDOM, SD-WAN, FortiGate VM, FortiManager-managed;Não;FGT #;show full-configuration;;Ver parâmetros explícitos e padrões aplicados.;Comparação detalhada, troubleshooting ou documentação.;Saída extensa. Pode expor senhas/chaves mascaradas e dados sensíveis.;FortiOS CLI;Baixo;https://docs.fortinet.com/document/fortigate/7.2.11/cli-reference/84566/fortios-cli-reference
Filtrar saída por texto;Filtra saída com grep;Fortinet;FortiOS;CLI Basics;FortiOS 7.2.x, 7.4.x, 7.6.x (validar sintaxe em 8.x quando aplicável);Standalone, HA, VDOM, SD-WAN, FortiGate VM, FortiManager-managed;Não;FGT #;show full-configuration | grep {{texto}};;Encontrar rapidamente objetos, IPs, interfaces ou parâmetros.;Quando a saída é extensa e há um valor específico para procurar.;Use grep -f quando quiser contexto ao redor da linha encontrada.;FortiOS CLI;Baixo;https://docs.fortinet.com/document/fortigate/7.4.9/cli-reference/84566/fortios-cli-reference
Mostrar comandos gerados pela GUI;Mostra em tempo real alterações feitas pela GUI como CLI;Fortinet;FortiOS;Debug;FortiOS 7.2.x, 7.4.x, 7.6.x (validar sintaxe em 8.x quando aplicável);Standalone, HA, VDOM, SD-WAN, FortiGate VM, FortiManager-managed;Não;FGT #;"diagnose debug cli 7
diagnose debug enable";;Aprender/validar comandos CLI equivalentes a uma mudança feita na GUI.;Durante documentação, automação ou troubleshooting de configuração.;Finalize com diagnose debug disable e diagnose debug reset.;FortiOS CLI;Médio;https://docs.fortinet.com/document/fortigate/7.4.9/cli-reference/84566/fortios-cli-reference
Parar debug geral;Desabilita todos os debugs ativos;Fortinet;FortiOS;Debug;FortiOS 7.2.x, 7.4.x, 7.6.x (validar sintaxe em 8.x quando aplicável);Standalone, HA, VDOM, SD-WAN, FortiGate VM, FortiManager-managed;Não;FGT #;"diagnose debug disable
diagnose debug reset";;Encerrar coleta de debug e limpar níveis/filtros.;Sempre após debug flow, ike, sslvpn, wad, fortiguard ou outros debugs.;Boa prática operacional para evitar consumo de CPU/logs.;FortiOS CLI;Baixo;https://docs.fortinet.com/document/fortigate/7.4.9/cli-reference/84566/fortios-cli-reference
Entrar no contexto VDOM;Entra no contexto de um VDOM específico;Fortinet;FortiOS;VDOM;FortiOS 7.2.x, 7.4.x, 7.6.x (validar sintaxe em 8.x quando aplicável);VDOM, Multi-VDOM;Não;FGT #;"config vdom
edit {{vdom_name}}";;Executar comandos dentro do VDOM correto.;Quando o firewall possui múltiplos VDOMs e a investigação é por tenant/contexto.;Muitos comandos de rota, policy, sessão e VPN dependem do VDOM.;FortiOS CLI;Baixo;https://docs.fortinet.com/document/fortigate/7.6.6/cli-reference/84566/fortios-cli-reference
Voltar ao contexto global;Sai de contexto VDOM/configuração para global;Fortinet;FortiOS;VDOM;FortiOS 7.2.x, 7.4.x, 7.6.x (validar sintaxe em 8.x quando aplicável);VDOM, Multi-VDOM;Não;FGT #;end;;Finalizar edição atual e voltar ao nível superior.;Após alterar ou consultar dentro de config/vdom.;Em FortiOS, end salva a mudança no banco de configuração. Revise antes.;FortiOS CLI;Baixo;https://docs.fortinet.com/document/fortigate/7.6.6/cli-reference/84566/fortios-cli-reference
Executar comando no global com sudo;Executa comando a partir do contexto global quando suportado;Fortinet;FortiOS;VDOM;FortiOS 7.2.x, 7.4.x, 7.6.x (validar sintaxe em 8.x quando aplicável);VDOM, Multi-VDOM;Não;FGT #;sudo global {{command}};;Rodar comando no contexto global sem sair manualmente do VDOM.;Troubleshooting em ambientes multi-VDOM.;"Recurso disponível em versões recentes; valide com ? no equipamento.";FortiOS CLI;Baixo;https://docs.fortinet.com/document/fortigate/7.6.6/cli-reference/84566/fortios-cli-reference
Status geral do sistema;Mostra versão, serial, modo operacional, uptime e informações gerais;Fortinet;FortiOS;System;FortiOS 7.2.x, 7.4.x, 7.6.x (validar sintaxe em 8.x quando aplicável);Standalone, HA, VDOM, SD-WAN, FortiGate VM, FortiManager-managed;Não;FGT #;get system status;;Obter identificação e estado básico do FortiGate.;Primeiro comando em qualquer troubleshooting, inventário ou abertura de chamado.;Confirme versão exata, build, serial e modo VDOM/HA.;FortiOS CLI;Baixo;https://docs.fortinet.com/document/fortigate/7.6.6/cli-reference/84566/fortios-cli-reference
Performance geral;Mostra CPU, memória, sessões, throughput e estatísticas resumidas;Fortinet;FortiOS;Monitoring;FortiOS 7.2.x, 7.4.x, 7.6.x (validar sintaxe em 8.x quando aplicável);Standalone, HA, VDOM, SD-WAN, FortiGate VM, FortiManager-managed;Não;FGT #;get system performance status;;Verificar saúde geral e carga do equipamento.;Quando há lentidão, queda de tráfego ou suspeita de saturação.;Use em conjunto com diagnose sys top para identificar processos.;FortiOS CLI;Baixo;https://docs.fortinet.com/document/fortigate/7.6.6/cli-reference/84566/fortios-cli-reference
Processos em tempo real;Mostra processos, CPU e memória em tempo real;Fortinet;FortiOS;Monitoring;FortiOS 7.2.x, 7.4.x, 7.6.x (validar sintaxe em 8.x quando aplicável);Standalone, HA, VDOM, SD-WAN, FortiGate VM, FortiManager-managed;Não;FGT #;diagnose sys top 3 30;;Identificar processos consumindo recursos.;Quando CPU/memória estão altos ou há lentidão.;Pressione q ou Ctrl+C para sair. Ordene por CPU/memória conforme necessidade.;FortiOS CLI;Médio;https://docs.fortinet.com/document/fortigate/7.6.6/cli-reference/84566/fortios-cli-reference
Crashlog;Mostra registros de crash do sistema/processos;Fortinet;FortiOS;System;FortiOS 7.2.x, 7.4.x, 7.6.x (validar sintaxe em 8.x quando aplicável);Standalone, HA, VDOM, SD-WAN, FortiGate VM, FortiManager-managed;Não;FGT #;diagnose debug crashlog read;;Verificar histórico de falhas ou reinícios de processos.;Após reboot inesperado, travamento, conserve mode ou falha de daemon.;Se houver crash recente, colete TAC report e abra chamado.;FortiOS CLI;Baixo;https://docs.fortinet.com/document/fortigate/7.6.6/cli-reference/84566/fortios-cli-reference
Conserve mode;Mostra estado de memória/conserve mode;Fortinet;FortiOS;Monitoring;FortiOS 7.2.x, 7.4.x, 7.6.x (validar sintaxe em 8.x quando aplicável);Standalone, HA, VDOM, SD-WAN, FortiGate VM, FortiManager-managed;Não;FGT #;diagnose hardware sysinfo conserve;;Verificar se o FortiGate entrou em modo de conservação de memória.;Quando tráfego UTM/proxy falha, sessões são negadas ou memória está muito alta.;Conserve mode indica pressão de memória. Investigue processos, sessões e perfis UTM.;FortiOS CLI;Baixo;https://docs.fortinet.com/document/fortigate/7.6.6/cli-reference/84566/fortios-cli-reference
Informações de hardware;Mostra informações de hardware e plataforma;Fortinet;FortiOS;System;FortiOS 7.2.x, 7.4.x, 7.6.x (validar sintaxe em 8.x quando aplicável);Standalone, HA, VDOM, SD-WAN, FortiGate VM, FortiManager-managed;Não;FGT #;get hardware status;;Identificar plataforma, sensores e estado físico quando disponível.;Inventário, troubleshooting de appliance físico ou validação de RMA.;A saída varia conforme modelo físico/VM.;FortiOS CLI;Baixo;https://docs.fortinet.com/document/fortigate/7.6.6/cli-reference/84566/fortios-cli-reference
Temperatura e sensores;Mostra sensores físicos quando disponíveis;Fortinet;FortiOS;System;FortiOS 7.2.x, 7.4.x, 7.6.x (validar sintaxe em 8.x quando aplicável);Standalone, HA, FortiGate appliance;Não;FGT #;execute sensor list;;Checar fonte, ventoinha, temperatura e sensores.;Quando há alertas físicos ou instabilidade de hardware.;Nem todos os modelos expõem todos os sensores.;FortiOS CLI;Baixo;https://docs.fortinet.com/document/fortigate/7.6.6/cli-reference/84566/fortios-cli-reference
Gerar TAC report;Gera relatório de suporte Fortinet;Fortinet;FortiOS;System;FortiOS 7.2.x, 7.4.x, 7.6.x (validar sintaxe em 8.x quando aplicável);Standalone, HA, VDOM, SD-WAN, FortiGate VM, FortiManager-managed;Não;FGT #;execute tac report;;Coletar pacote textual de diagnóstico para suporte.;Antes de abrir chamado ou para snapshot completo do estado.;Pode conter dados sensíveis. Armazene e compartilhe com controle.;FortiOS CLI;Médio;https://docs.fortinet.com/document/fortigate/7.6.6/cli-reference/84566/fortios-cli-reference
Reiniciar equipamento;Reinicia o FortiGate;Fortinet;FortiOS;System;FortiOS 7.2.x, 7.4.x, 7.6.x (validar sintaxe em 8.x quando aplicável);Standalone, HA, VDOM, SD-WAN, FortiGate VM, FortiManager-managed;Não;FGT #;execute reboot;;Reiniciar o sistema operacional do FortiGate.;Manutenção planejada, recuperação de falha ou após orientação do suporte.;Ação disruptiva. Em HA, confirme função do membro e impacto antes.;FortiOS CLI;Alto;https://docs.fortinet.com/document/fortigate/7.6.6/cli-reference/84566/fortios-cli-reference
Desligar equipamento;Desliga o FortiGate;Fortinet;FortiOS;System;FortiOS 7.2.x, 7.4.x, 7.6.x (validar sintaxe em 8.x quando aplicável);Standalone, HA, FortiGate appliance;Não;FGT #;execute shutdown;;Desligamento controlado do appliance.;Manutenção física planejada.;Ação altamente disruptiva. Garanta acesso local/console e plano de retorno.;FortiOS CLI;Alto;https://docs.fortinet.com/document/fortigate/7.6.6/cli-reference/84566/fortios-cli-reference
Ler log de upgrade/config-error;Mostra erros de configuração após upgrade;Fortinet;FortiOS;Upgrade;FortiOS 7.2.x, 7.4.x, 7.6.x (validar sintaxe em 8.x quando aplicável);Standalone, HA, VDOM, SD-WAN, FortiGate VM, FortiManager-managed;Não;FGT #;diagnose debug config-error-log read;;Identificar comandos/parâmetros rejeitados durante import/upgrade.;Após upgrade de versão, restore ou migração de configuração.;Corrija itens rejeitados antes de considerar ambiente estabilizado.;FortiOS CLI;Baixo;https://docs.fortinet.com/document/fortigate/7.6.6/cli-reference/84566/fortios-cli-reference
Backup configuração por FTP;Exporta configuração para servidor FTP;Fortinet;FortiOS;Backup;FortiOS 7.2.x, 7.4.x, 7.6.x (validar sintaxe em 8.x quando aplicável);Standalone, HA, VDOM, SD-WAN, FortiGate VM, FortiManager-managed;IP/Porta;FGT #;execute backup config ftp {{arquivo.conf}} {{ftp_server}} {{user}} {{password}};;Salvar a configuração do FortiGate fora do equipamento.;Antes de mudanças, upgrades, troubleshooting destrutivo ou auditoria.;Proteja o arquivo, pois pode conter informações sensíveis.;FortiOS CLI;Médio;https://docs.fortinet.com/document/fortigate/7.2.11/cli-reference/84566/fortios-cli-reference
Backup configuração por TFTP;Exporta configuração para servidor TFTP;Fortinet;FortiOS;Backup;FortiOS 7.2.x, 7.4.x, 7.6.x (validar sintaxe em 8.x quando aplicável);Standalone, HA, VDOM, SD-WAN, FortiGate VM, FortiManager-managed;IP;FGT #;execute backup config tftp {{arquivo.conf}} {{tftp_server}};;Criar backup simples em rede interna.;Ambientes isolados/lab ou quando FTP/SCP não está disponível.;TFTP não criptografa. Evite em redes não confiáveis.;FortiOS CLI;Médio;https://docs.fortinet.com/document/fortigate/7.2.11/cli-reference/84566/fortios-cli-reference
Restore configuração por FTP;Restaura configuração de servidor FTP;Fortinet;FortiOS;Backup;FortiOS 7.2.x, 7.4.x, 7.6.x (validar sintaxe em 8.x quando aplicável);Standalone, HA, VDOM, SD-WAN, FortiGate VM, FortiManager-managed;IP/Porta;FGT #;execute restore config ftp {{arquivo.conf}} {{ftp_server}} {{user}} {{password}};;Restaurar configuração previamente salva.;Recuperação, migração ou rollback planejado.;Ação crítica. Pode reiniciar, alterar IPs e derrubar acesso.;FortiOS CLI;Alto;https://docs.fortinet.com/document/fortigate/7.2.11/cli-reference/84566/fortios-cli-reference
Backup local USB;Salva configuração em USB quando suportado;Fortinet;FortiOS;Backup;FortiOS 7.2.x, 7.4.x, 7.6.x (validar sintaxe em 8.x quando aplicável);FortiGate appliance;Não;FGT #;execute backup config usb {{arquivo.conf}};;Backup offline local.;Ambientes sem servidor de backup acessível.;Valide presença/montagem do USB e proteja fisicamente.;FortiOS CLI;Médio;https://docs.fortinet.com/document/fortigate/7.2.11/cli-reference/84566/fortios-cli-reference
Listar firmware;Mostra imagens de firmware disponíveis/partições quando suportado;Fortinet;FortiOS;Upgrade;FortiOS 7.2.x, 7.4.x, 7.6.x (validar sintaxe em 8.x quando aplicável);Standalone, HA, VDOM, SD-WAN, FortiGate VM, FortiManager-managed;Não;FGT #;execute firmware list;;Verificar imagens/partições de firmware.;Antes de upgrade/rollback em modelos que suportam múltiplas partições.;A disponibilidade varia conforme modelo.;FortiOS CLI;Baixo;https://docs.fortinet.com/document/fortigate/7.2.11/cli-reference/84566/fortios-cli-reference
Upgrade firmware por TFTP;Atualiza firmware via TFTP;Fortinet;FortiOS;Upgrade;FortiOS 7.2.x, 7.4.x, 7.6.x (validar sintaxe em 8.x quando aplicável);Standalone, HA, VDOM, SD-WAN, FortiGate VM, FortiManager-managed;IP;FGT #;execute restore image tftp {{firmware.out}} {{tftp_server}};;Atualizar imagem FortiOS manualmente.;Somente em janela de mudança com caminho de upgrade validado.;Ação crítica. Verifique upgrade path, backup, compatibilidade e console.;FortiOS CLI;Alto;https://docs.fortinet.com/document/fortigate/7.2.11/cli-reference/84566/fortios-cli-reference
Listar IPs das interfaces;Lista endereços IP configurados nas interfaces;Fortinet;FortiOS;Network;FortiOS 7.2.x, 7.4.x, 7.6.x (validar sintaxe em 8.x quando aplicável);Standalone, HA, VDOM, SD-WAN, FortiGate VM, FortiManager-managed;Não;FGT #;diagnose ip address list;;Ver endereços IP ativos por interface/VDOM.;Troubleshooting de conectividade ou validação pós-mudança.;Útil para confirmar IP real ativo, não apenas configuração salva.;FortiOS CLI;Baixo;https://docs.fortinet.com/document/fortigate/7.6.6/cli-reference/84566/fortios-cli-reference
Mostrar interfaces configuradas;Mostra configuração das interfaces;Fortinet;FortiOS;Network;FortiOS 7.2.x, 7.4.x, 7.6.x (validar sintaxe em 8.x quando aplicável);Standalone, HA, VDOM, SD-WAN, FortiGate VM, FortiManager-managed;Não;FGT #;show system interface;;Revisar IP, alias, allowaccess, role, VLANs e modo das interfaces.;Auditoria, troubleshooting ou documentação.;Em VDOM, valide contexto correto.;FortiOS CLI;Baixo;https://docs.fortinet.com/document/fortigate/7.6.6/cli-reference/84566/fortios-cli-reference
Mostrar interface específica;Mostra configuração de uma interface específica;Fortinet;FortiOS;Network;FortiOS 7.2.x, 7.4.x, 7.6.x (validar sintaxe em 8.x quando aplicável);Standalone, HA, VDOM, SD-WAN, FortiGate VM, FortiManager-managed;Não;FGT #;show system interface {{interface}};;Revisar parâmetros de uma interface.;Quando uma interface está sem link, IP incorreto ou acesso administrativo falhando.;Pode expor allowaccess e serviços administrativos habilitados.;FortiOS CLI;Baixo;https://docs.fortinet.com/document/fortigate/7.6.6/cli-reference/84566/fortios-cli-reference
Configurar IP em interface;Altera IP/máscara de uma interface;Fortinet;FortiOS;Network;FortiOS 7.2.x, 7.4.x, 7.6.x (validar sintaxe em 8.x quando aplicável);Standalone, HA, VDOM, SD-WAN, FortiGate VM, FortiManager-managed;IP;FGT #;"config system interface
edit {{interface}}
set ip {{ip}} {{mask}}
next
end";;Definir endereço IP de interface.;Configuração inicial ou mudança planejada de endereçamento.;Pode causar perda de acesso. Execute por console/janela controlada.;FortiOS CLI;Alto;https://docs.fortinet.com/document/fortigate/7.6.6/cli-reference/84566/fortios-cli-reference
Habilitar acesso administrativo na interface;Configura serviços permitidos na interface;Fortinet;FortiOS;Network;FortiOS 7.2.x, 7.4.x, 7.6.x (validar sintaxe em 8.x quando aplicável);Standalone, HA, VDOM, SD-WAN, FortiGate VM, FortiManager-managed;IP/Porta;FGT #;"config system interface
edit {{interface}}
set allowaccess ping https ssh snmp fgfm
next
end";;Permitir protocolos administrativos específicos na interface.;Configuração de gerenciamento ou correção de acesso.;Exponha apenas o necessário e restrinja por trusted hosts/local-in policy.;FortiOS CLI;Alto;https://docs.fortinet.com/document/fortigate/7.6.6/cli-reference/84566/fortios-cli-reference
Status físico NIC;Mostra status detalhado de uma NIC;Fortinet;FortiOS;Network;FortiOS 7.2.x, 7.4.x, 7.6.x (validar sintaxe em 8.x quando aplicável);Standalone, HA, VDOM, FortiGate VM, FortiManager-managed;Não;FGT #;get hardware nic {{interface}};;Ver link, speed/duplex, counters e erros físicos.;Troubleshooting de perda, CRC, speed/duplex e cabos/transceiver.;A saída varia por modelo e tipo de interface.;FortiOS CLI;Baixo;https://docs.fortinet.com/document/fortigate/7.6.6/cli-reference/84566/fortios-cli-reference
Interfaces netlink;Lista interfaces com índice, MTU e estado;Fortinet;FortiOS;Network;FortiOS 7.2.x, 7.4.x, 7.6.x (validar sintaxe em 8.x quando aplicável);Standalone, HA, VDOM, SD-WAN, FortiGate VM, FortiManager-managed;Não;FGT #;diagnose netlink interface list;;Analisar estado operacional e MTU das interfaces.;Problemas de MTU, túnel, VLAN, SD-WAN ou roteamento.;Procure flags UP/RUNNING e MTU esperado.;FortiOS CLI;Baixo;https://docs.fortinet.com/document/fortigate/7.6.6/cli-reference/84566/fortios-cli-reference
Tabela ARP;Mostra tabela ARP;Fortinet;FortiOS;Network;FortiOS 7.2.x, 7.4.x, 7.6.x (validar sintaxe em 8.x quando aplicável);Standalone, HA, VDOM, SD-WAN, FortiGate VM, FortiManager-managed;IP;FGT #;get system arp;;Ver mapeamento IP-MAC aprendido.;Conectividade L2/L3, conflito de IP ou gateway não respondendo.;Também pode usar diagnose ip arp list.;FortiOS CLI;Baixo;https://docs.fortinet.com/document/fortigate/7.6.6/cli-reference/84566/fortios-cli-reference
Limpar ARP;Limpa tabela ARP;Fortinet;FortiOS;Network;FortiOS 7.2.x, 7.4.x, 7.6.x (validar sintaxe em 8.x quando aplicável);Standalone, HA, VDOM, SD-WAN, FortiGate VM, FortiManager-managed;Não;FGT #;execute clear system arp table;;Forçar reaprendizado ARP.;Após troca de equipamento/IP/MAC ou suspeita de entrada ARP incorreta.;Pode causar breve interrupção até reaprender.;FortiOS CLI;Médio;https://docs.fortinet.com/document/fortigate/7.6.6/cli-reference/84566/fortios-cli-reference
Ping simples;Executa ping para destino;Fortinet;FortiOS;Network;FortiOS 7.2.x, 7.4.x, 7.6.x (validar sintaxe em 8.x quando aplicável);Standalone, HA, VDOM, SD-WAN, FortiGate VM, FortiManager-managed;IP;FGT #;execute ping {{dst_ip}};;Testar conectividade ICMP.;Validação básica de reachability.;ICMP pode ser bloqueado mesmo que aplicação funcione.;FortiOS CLI;Baixo;https://docs.fortinet.com/document/fortigate/7.6.6/cli-reference/84566/fortios-cli-reference
Configurar origem do ping;Define IP/interface de origem para ping;Fortinet;FortiOS;Network;FortiOS 7.2.x, 7.4.x, 7.6.x (validar sintaxe em 8.x quando aplicável);Standalone, HA, VDOM, SD-WAN, FortiGate VM, FortiManager-managed;IP;FGT #;"execute ping-options source {{src_ip}}
execute ping {{dst_ip}}";;Testar conectividade usando origem específica.;Ambientes com múltiplas interfaces/VDOMs/rotas/SD-WAN.;Lembre de limpar opções depois se necessário.;FortiOS CLI;Baixo;https://docs.fortinet.com/document/fortigate/7.6.6/cli-reference/84566/fortios-cli-reference
Traceroute;Executa traceroute para destino;Fortinet;FortiOS;Network;FortiOS 7.2.x, 7.4.x, 7.6.x (validar sintaxe em 8.x quando aplicável);Standalone, HA, VDOM, SD-WAN, FortiGate VM, FortiManager-managed;IP;FGT #;execute traceroute {{dst_ip}};;Ver caminho até destino.;Investigar rota, assimetria, bloqueio intermediário.;Saltos podem não responder por política de ICMP/TTL.;FortiOS CLI;Baixo;https://docs.fortinet.com/document/fortigate/7.6.6/cli-reference/84566/fortios-cli-reference
Telnet TCP;Testa conexão TCP para host/porta;Fortinet;FortiOS;Network;FortiOS 7.2.x, 7.4.x, 7.6.x (validar sintaxe em 8.x quando aplicável);Standalone, HA, VDOM, SD-WAN, FortiGate VM, FortiManager-managed;IP/Porta;FGT #;execute telnet {{dst_ip}} {{port}};;Validar abertura TCP até um serviço.;Troubleshooting de conectividade para proxy, LDAP, SIEM, VPN peer etc.;Telnet testa sessão TCP, não valida protocolo/aplicação.;FortiOS CLI;Baixo;https://docs.fortinet.com/document/fortigate/7.6.6/cli-reference/84566/fortios-cli-reference
Tabela de rotas completa;Mostra tabela de roteamento ativa;Fortinet;FortiOS;Routing;FortiOS 7.2.x, 7.4.x, 7.6.x (validar sintaxe em 8.x quando aplicável);Standalone, HA, VDOM, SD-WAN, FortiGate VM, FortiManager-managed;Não;FGT #;get router info routing-table all;;Ver rotas ativas usadas pelo FortiGate.;Troubleshooting de caminho, default route, rotas dinâmicas/estáticas.;Em VDOM, execute no VDOM correto.;FortiOS CLI;Baixo;https://docs.fortinet.com/document/fortigate/7.6.6/cli-reference/84566/fortios-cli-reference
Rota para destino específico;Mostra decisão de roteamento para um IP;Fortinet;FortiOS;Routing;FortiOS 7.2.x, 7.4.x, 7.6.x (validar sintaxe em 8.x quando aplicável);Standalone, HA, VDOM, SD-WAN, FortiGate VM, FortiManager-managed;IP;FGT #;get router info routing-table details {{dst_ip}};;Identificar qual rota/interface/gateway será usado para destino.;Quando há dúvida de caminho ou assimetria.;Considere policy routes e SD-WAN, que podem alterar decisão final.;FortiOS CLI;Baixo;https://docs.fortinet.com/document/fortigate/7.6.6/cli-reference/84566/fortios-cli-reference
Tabela de rotas com inativas;Mostra banco de rotas incluindo rotas inativas;Fortinet;FortiOS;Routing;FortiOS 7.2.x, 7.4.x, 7.6.x (validar sintaxe em 8.x quando aplicável);Standalone, HA, VDOM, SD-WAN, FortiGate VM, FortiManager-managed;Não;FGT #;get router info routing-table database;;Comparar rotas ativas/inativas aprendidas.;Troubleshooting BGP/OSPF/estáticas com distância/prioridade.;Útil para entender por que uma rota não ganhou preferência.;FortiOS CLI;Baixo;https://docs.fortinet.com/document/fortigate/7.6.6/cli-reference/84566/fortios-cli-reference
Kernel routing/FIB;Mostra tabela de encaminhamento do kernel;Fortinet;FortiOS;Routing;FortiOS 7.2.x, 7.4.x, 7.6.x (validar sintaxe em 8.x quando aplicável);Standalone, HA, VDOM, SD-WAN, FortiGate VM, FortiManager-managed;Não;FGT #;get router info kernel;;Ver encaminhamento efetivo no kernel.;Quando tabela de roteamento e encaminhamento parecem divergentes.;Pode ser extenso.;FortiOS CLI;Baixo;https://docs.fortinet.com/document/fortigate/7.6.6/cli-reference/84566/fortios-cli-reference
Policy routes;Lista policy based routes;Fortinet;FortiOS;Routing;FortiOS 7.2.x, 7.4.x, 7.6.x (validar sintaxe em 8.x quando aplicável);Standalone, HA, VDOM, SD-WAN, FortiGate VM, FortiManager-managed;Não;FGT #;diagnose firewall proute list;;Ver rotas baseadas em política.;Quando tráfego segue caminho diferente da tabela de rotas.;PBR pode preceder rota normal dependendo do fluxo.;FortiOS CLI;Baixo;https://docs.fortinet.com/document/fortigate/7.6.6/cli-reference/84566/fortios-cli-reference
Reiniciar processo de roteamento;Reinicia daemon de roteamento;Fortinet;FortiOS;Routing;FortiOS 7.2.x, 7.4.x, 7.6.x (validar sintaxe em 8.x quando aplicável);Standalone, HA, VDOM, SD-WAN, FortiGate VM, FortiManager-managed;Não;FGT #;execute router restart;;Recuperar processo de routing travado ou aplicar troubleshooting orientado.;Somente em janela ou sob orientação, em caso de falha de routing.;Pode impactar BGP/OSPF e convergência.;FortiOS CLI;Alto;https://docs.fortinet.com/document/fortigate/7.6.6/cli-reference/84566/fortios-cli-reference
Resumo BGP;Mostra vizinhos e estado BGP;Fortinet;FortiOS;Routing;FortiOS 7.2.x, 7.4.x, 7.6.x (validar sintaxe em 8.x quando aplicável);Standalone, HA, VDOM, SD-WAN, FortiGate VM, FortiManager-managed;IP;FGT #;get router info bgp summary;;Verificar peers BGP e prefixos.;Troubleshooting de túneis, SD-WAN, datacenter ou cloud.;Execute no VDOM correto.;FortiOS CLI;Baixo;https://docs.fortinet.com/document/fortigate/7.6.6/cli-reference/84566/fortios-cli-reference
Rotas BGP;Mostra rotas aprendidas pelo BGP;Fortinet;FortiOS;Routing;FortiOS 7.2.x, 7.4.x, 7.6.x (validar sintaxe em 8.x quando aplicável);Standalone, HA, VDOM, SD-WAN, FortiGate VM, FortiManager-managed;IP;FGT #;get router info bgp network;;Analisar rotas BGP aprendidas/anunciadas.;Quando um prefixo não aparece ou não é preferido.;Pode ser grande em ambientes com muitas rotas.;FortiOS CLI;Baixo;https://docs.fortinet.com/document/fortigate/7.6.6/cli-reference/84566/fortios-cli-reference
Resumo OSPF;Mostra vizinhos OSPF;Fortinet;FortiOS;Routing;FortiOS 7.2.x, 7.4.x, 7.6.x (validar sintaxe em 8.x quando aplicável);Standalone, HA, VDOM, SD-WAN, FortiGate VM, FortiManager-managed;IP;FGT #;get router info ospf neighbor;;Verificar adjacências OSPF.;Troubleshooting de roteamento dinâmico interno.;Cheque área, hello/dead interval, MTU e autenticação.;FortiOS CLI;Baixo;https://docs.fortinet.com/document/fortigate/7.6.6/cli-reference/84566/fortios-cli-reference
Rotas OSPF;Mostra banco/rotas OSPF;Fortinet;FortiOS;Routing;FortiOS 7.2.x, 7.4.x, 7.6.x (validar sintaxe em 8.x quando aplicável);Standalone, HA, VDOM, SD-WAN, FortiGate VM, FortiManager-managed;IP;FGT #;get router info ospf route;;Analisar rotas OSPF.;Quando prefixos OSPF não aparecem ou estão inconsistentes.;Execute no VDOM correto.;FortiOS CLI;Baixo;https://docs.fortinet.com/document/fortigate/7.6.6/cli-reference/84566/fortios-cli-reference
Configurar rota estática;Cria/edita rota estática;Fortinet;FortiOS;Routing;FortiOS 7.2.x, 7.4.x, 7.6.x (validar sintaxe em 8.x quando aplicável);Standalone, HA, VDOM, SD-WAN, FortiGate VM, FortiManager-managed;IP;FGT #;"config router static
edit {{id}}
set dst {{network}} {{mask}}
set gateway {{gateway}}
set device {{interface}}
next
end";;Definir rota estática.;Configuração inicial, túnel, saída internet ou rota específica.;Mudança pode impactar tráfego. Valide distância, priority e SD-WAN.;FortiOS CLI;Alto;https://docs.fortinet.com/document/fortigate/7.6.6/cli-reference/84566/fortios-cli-reference
Listar rotas estáticas configuradas;Mostra configuração de rotas estáticas;Fortinet;FortiOS;Routing;FortiOS 7.2.x, 7.4.x, 7.6.x (validar sintaxe em 8.x quando aplicável);Standalone, HA, VDOM, SD-WAN, FortiGate VM, FortiManager-managed;Não;FGT #;show router static;;Auditar rotas estáticas salvas.;Antes/depois de mudança de roteamento.;"Não mostra necessariamente apenas rotas ativas; compare com routing-table all.";FortiOS CLI;Baixo;https://docs.fortinet.com/document/fortigate/7.6.6/cli-reference/84566/fortios-cli-reference
Listar políticas firewall;Mostra políticas IPv4 configuradas;Fortinet;FortiOS;Policy;FortiOS 7.2.x, 7.4.x, 7.6.x (validar sintaxe em 8.x quando aplicável);Standalone, HA, VDOM, SD-WAN, FortiGate VM, FortiManager-managed;Não;FGT #;show firewall policy;;Auditar regras de firewall IPv4.;Revisão de política, troubleshooting de match ou documentação.;Em VDOM, execute no contexto correto.;FortiOS CLI;Baixo;https://docs.fortinet.com/document/fortigate/7.6.6/cli-reference/84566/fortios-cli-reference
Ver política específica;Mostra uma política IPv4 específica;Fortinet;FortiOS;Policy;FortiOS 7.2.x, 7.4.x, 7.6.x (validar sintaxe em 8.x quando aplicável);Standalone, HA, VDOM, SD-WAN, FortiGate VM, FortiManager-managed;Não;FGT #;show firewall policy {{policy_id}};;Analisar regra específica por ID.;Quando o log informa policyid ou há suspeita de regra incorreta.;Confirme srcintf, dstintf, srcaddr, dstaddr, service, schedule e NAT.;FortiOS CLI;Baixo;https://docs.fortinet.com/document/fortigate/7.6.6/cli-reference/84566/fortios-cli-reference
Criar endereço IPv4;Cria objeto de endereço IPv4;Fortinet;FortiOS;Objects;FortiOS 7.2.x, 7.4.x, 7.6.x (validar sintaxe em 8.x quando aplicável);Standalone, HA, VDOM, SD-WAN, FortiGate VM, FortiManager-managed;IP;FGT #;"config firewall address
edit {{object_name}}
set subnet {{ip}} {{mask}}
next
end";;Padronizar objeto para uso em políticas.;Criação de regras e documentação de destino/origem.;Use nomenclatura consistente e comentários.;FortiOS CLI;Médio;https://docs.fortinet.com/document/fortigate/7.6.6/cli-reference/84566/fortios-cli-reference
Criar grupo de endereços;Cria grupo de objetos address;Fortinet;FortiOS;Objects;FortiOS 7.2.x, 7.4.x, 7.6.x (validar sintaxe em 8.x quando aplicável);Standalone, HA, VDOM, SD-WAN, FortiGate VM, FortiManager-managed;Não;FGT #;"config firewall addrgrp
edit {{group_name}}
set member {{object1}} {{object2}}
next
end";;Agrupar objetos para simplificar políticas.;Quando várias redes/hosts compartilham a mesma regra.;Cuidado para não substituir membros por engano. Use append quando apropriado.;FortiOS CLI;Médio;https://docs.fortinet.com/document/fortigate/7.6.6/cli-reference/84566/fortios-cli-reference
Listar VIPs;Mostra Virtual IPs/NAT DNAT;Fortinet;FortiOS;NAT;FortiOS 7.2.x, 7.4.x, 7.6.x (validar sintaxe em 8.x quando aplicável);Standalone, HA, VDOM, SD-WAN, FortiGate VM, FortiManager-managed;IP/Porta;FGT #;show firewall vip;;Auditar publicações/NAT de entrada.;Troubleshooting de publicação, port-forward e conflito de VIP.;Verifique extintf, extip, mappedip e portforward.;FortiOS CLI;Baixo;https://docs.fortinet.com/document/fortigate/7.6.6/cli-reference/84566/fortios-cli-reference
Listar IP pools;Mostra pools de SNAT;Fortinet;FortiOS;NAT;FortiOS 7.2.x, 7.4.x, 7.6.x (validar sintaxe em 8.x quando aplicável);Standalone, HA, VDOM, SD-WAN, FortiGate VM, FortiManager-managed;IP;FGT #;show firewall ippool;;Auditar pools usados em SNAT.;Troubleshooting de NAT de saída ou consumo de IP público.;Confira referência em políticas.;FortiOS CLI;Baixo;https://docs.fortinet.com/document/fortigate/7.6.6/cli-reference/84566/fortios-cli-reference
Limpar contadores de policy;Zera contadores de política;Fortinet;FortiOS;Policy;FortiOS 7.2.x, 7.4.x, 7.6.x (validar sintaxe em 8.x quando aplicável);Standalone, HA, VDOM, SD-WAN, FortiGate VM, FortiManager-managed;Não;FGT #;diagnose firewall iprope clear 100004;;Limpar contadores para novo teste controlado.;Antes de reproduzir acesso e acompanhar hit-count/counters.;"Valide comando/índice conforme versão; pode afetar visibilidade histórica local.";FortiOS CLI;Médio;https://docs.fortinet.com/document/fortigate/7.6.6/cli-reference/84566/fortios-cli-reference
Debug lookup de policy;Mostra avaliação/lookup de política para fluxo;Fortinet;FortiOS;Policy;FortiOS 7.2.x, 7.4.x, 7.6.x (validar sintaxe em 8.x quando aplicável);Standalone, HA, VDOM, SD-WAN, FortiGate VM, FortiManager-managed;IP/Porta;FGT #;diagnose firewall iprope lookup {{src_ip}} {{src_port}} {{dst_ip}} {{dst_port}} {{protocol}} {{srcintf}};;Validar qual regra/política deve casar com determinado tráfego.;Quando logs não deixam claro o match ou antes de criar regra.;"Sintaxe pode variar; use ? para validar argumentos no equipamento.";FortiOS CLI;Baixo;https://docs.fortinet.com/document/fortigate/7.6.6/cli-reference/84566/fortios-cli-reference
Estatísticas de sessões;Mostra estatísticas da tabela de sessões;Fortinet;FortiOS;Sessions;FortiOS 7.2.x, 7.4.x, 7.6.x (validar sintaxe em 8.x quando aplicável);Standalone, HA, VDOM, SD-WAN, FortiGate VM, FortiManager-managed;Não;FGT #;diagnose sys session stat;;Ver quantidade de sessões, memória e estatísticas.;Suspeita de exaustão de sessões, DoS ou comportamento anormal.;Compare com limites do modelo e baseline.;FortiOS CLI;Baixo;https://docs.fortinet.com/document/fortigate/7.6.6/cli-reference/84566/fortios-cli-reference
Limpar filtros de sessão;Remove filtros de sessão ativos;Fortinet;FortiOS;Sessions;FortiOS 7.2.x, 7.4.x, 7.6.x (validar sintaxe em 8.x quando aplicável);Standalone, HA, VDOM, SD-WAN, FortiGate VM, FortiManager-managed;Não;FGT #;diagnose sys session filter clear;;Evitar que filtros antigos afetem listagem/clear.;Antes de nova investigação de sessão.;Sempre limpe filtros antes de aplicar novos.;FortiOS CLI;Baixo;https://docs.fortinet.com/document/fortigate/7.6.6/cli-reference/84566/fortios-cli-reference
Filtrar sessão por origem;Filtra sessões por IP de origem;Fortinet;FortiOS;Sessions;FortiOS 7.2.x, 7.4.x, 7.6.x (validar sintaxe em 8.x quando aplicável);Standalone, HA, VDOM, SD-WAN, FortiGate VM, FortiManager-managed;IP;FGT #;diagnose sys session filter src {{src_ip}};;Preparar listagem/limpeza de sessões de uma origem.;Quando se quer analisar tráfego de um cliente específico.;Combine com dst, dport, proto quando necessário.;FortiOS CLI;Baixo;https://docs.fortinet.com/document/fortigate/7.6.6/cli-reference/84566/fortios-cli-reference
Filtrar sessão por destino;Filtra sessões por IP de destino;Fortinet;FortiOS;Sessions;FortiOS 7.2.x, 7.4.x, 7.6.x (validar sintaxe em 8.x quando aplicável);Standalone, HA, VDOM, SD-WAN, FortiGate VM, FortiManager-managed;IP;FGT #;diagnose sys session filter dst {{dst_ip}};;Preparar listagem/limpeza de sessões para destino específico.;Troubleshooting de aplicação/destino.;Limpe filtros ao terminar.;FortiOS CLI;Baixo;https://docs.fortinet.com/document/fortigate/7.6.6/cli-reference/84566/fortios-cli-reference
Listar sessões filtradas;Lista sessões conforme filtros ativos;Fortinet;FortiOS;Sessions;FortiOS 7.2.x, 7.4.x, 7.6.x (validar sintaxe em 8.x quando aplicável);Standalone, HA, VDOM, SD-WAN, FortiGate VM, FortiManager-managed;IP;FGT #;diagnose sys session list;;Ver detalhes de sessões ativas.;Confirmar NAT, policyid, interfaces, offload e estado da conexão.;Saída pode ser grande sem filtros.;FortiOS CLI;Baixo;https://docs.fortinet.com/document/fortigate/7.6.6/cli-reference/84566/fortios-cli-reference
Limpar sessões filtradas;Remove sessões conforme filtros ativos;Fortinet;FortiOS;Sessions;FortiOS 7.2.x, 7.4.x, 7.6.x (validar sintaxe em 8.x quando aplicável);Standalone, HA, VDOM, SD-WAN, FortiGate VM, FortiManager-managed;IP;FGT #;diagnose sys session clear;;Forçar recriação de sessões filtradas.;Após mudança de policy/NAT/rota quando sessões antigas persistem.;Cuidado: sem filtro, pode derrubar todas as sessões.;FortiOS CLI;Alto;https://docs.fortinet.com/document/fortigate/7.6.6/cli-reference/84566/fortios-cli-reference
Captura sniffer básica;Captura pacotes por filtro tcpdump-like;Fortinet;FortiOS;Packet Capture;FortiOS 7.2.x, 7.4.x, 7.6.x (validar sintaxe em 8.x quando aplicável);Standalone, HA, VDOM, SD-WAN, FortiGate VM, FortiManager-managed;IP/Porta;FGT #;"diagnose sniffer packet any ""host {{ip}}"" 4 0 l";;Ver pacotes entrando/saindo no FortiGate.;Troubleshooting de conectividade, portas, NAT e rota.;Use filtros específicos para reduzir impacto. Ctrl+C encerra.;FortiOS CLI;Médio;https://docs.fortinet.com/document/fortigate/7.6.6/cli-reference/84566/fortios-cli-reference
Captura sniffer por porta;Captura pacotes em interface específica e porta;Fortinet;FortiOS;Packet Capture;FortiOS 7.2.x, 7.4.x, 7.6.x (validar sintaxe em 8.x quando aplicável);Standalone, HA, VDOM, SD-WAN, FortiGate VM, FortiManager-managed;IP/Porta;FGT #;"diagnose sniffer packet {{interface}} ""host {{ip}} and port {{port}}"" 4 0 l";;Coletar tráfego pontual com menor ruído.;Quando interface e aplicação/porta já são conhecidas.;"Nível 4 mostra cabeçalhos; níveis maiores exibem payload.";FortiOS CLI;Médio;https://docs.fortinet.com/document/fortigate/7.6.6/cli-reference/84566/fortios-cli-reference
Captura sniffer para arquivo;Grava captura em formato pcap quando suportado;Fortinet;FortiOS;Packet Capture;FortiOS 7.2.x, 7.4.x, 7.6.x (validar sintaxe em 8.x quando aplicável);Standalone, HA, VDOM, SD-WAN, FortiGate VM, FortiManager-managed;IP/Porta;FGT #;"diagnose sniffer packet {{interface}} ""host {{ip}}"" 6 0 a";;Capturar dados em formato analisável/ASCII conforme opção.;Quando precisa evidência detalhada para análise externa.;"O método exato de exportação varia; monitore CPU e saída.";FortiOS CLI;Médio;https://docs.fortinet.com/document/fortigate/7.6.6/cli-reference/84566/fortios-cli-reference
Debug flow reset;Limpa filtros e estado do debug flow;Fortinet;FortiOS;Debug Flow;FortiOS 7.2.x, 7.4.x, 7.6.x (validar sintaxe em 8.x quando aplicável);Standalone, HA, VDOM, SD-WAN, FortiGate VM, FortiManager-managed;Não;FGT #;"diagnose debug reset
diagnose debug flow filter clear";;Preparar uma coleta limpa de debug flow.;Antes de iniciar novo troubleshooting de fluxo.;Evita filtros antigos causarem análise incorreta.;FortiOS CLI;Baixo;https://docs.fortinet.com/document/fortigate/7.6.6/cli-reference/84566/fortios-cli-reference
Debug flow por IP;Configura debug flow para IP específico;Fortinet;FortiOS;Debug Flow;FortiOS 7.2.x, 7.4.x, 7.6.x (validar sintaxe em 8.x quando aplicável);Standalone, HA, VDOM, SD-WAN, FortiGate VM, FortiManager-managed;IP;FGT #;"diagnose debug flow filter addr {{ip}}
diagnose debug flow show function-name enable
diagnose debug flow trace start 100
diagnose debug enable";;Mostrar decisão do firewall para tráfego de/para IP.;Quando precisa saber policyid, NAT, route, drop reason ou offload.;Após coletar, rode diagnose debug disable e reset.;FortiOS CLI;Médio;https://docs.fortinet.com/document/fortigate/7.6.6/cli-reference/84566/fortios-cli-reference
Debug flow por par origem/destino;Configura debug flow para origem e destino;Fortinet;FortiOS;Debug Flow;FortiOS 7.2.x, 7.4.x, 7.6.x (validar sintaxe em 8.x quando aplicável);Standalone, HA, VDOM, SD-WAN, FortiGate VM, FortiManager-managed;IP;FGT #;"diagnose debug flow filter saddr {{src_ip}}
diagnose debug flow filter daddr {{dst_ip}}
diagnose debug flow show function-name enable
diagnose debug flow trace start 100
diagnose debug enable";;Reduzir debug flow a um fluxo específico.;Ambientes com muito tráfego ou troubleshooting de aplicação específica.;Use número baixo de pacotes em produção.;FortiOS CLI;Médio;https://docs.fortinet.com/document/fortigate/7.6.6/cli-reference/84566/fortios-cli-reference
Desativar debug flow;Desativa debug e limpa filtros;Fortinet;FortiOS;Debug Flow;FortiOS 7.2.x, 7.4.x, 7.6.x (validar sintaxe em 8.x quando aplicável);Standalone, HA, VDOM, SD-WAN, FortiGate VM, FortiManager-managed;Não;FGT #;"diagnose debug disable
diagnose debug reset
diagnose debug flow filter clear";;Encerrar debug flow com segurança.;Ao final de qualquer coleta debug flow.;Essencial para evitar consumo contínuo de recursos.;FortiOS CLI;Baixo;https://docs.fortinet.com/document/fortigate/7.6.6/cli-reference/84566/fortios-cli-reference
Status HA;Mostra estado do cluster HA;Fortinet;FortiOS;HA;FortiOS 7.2.x, 7.4.x, 7.6.x (validar sintaxe em 8.x quando aplicável);HA Cluster, FortiGate VM HA;Não;FGT #;get system ha status;;Ver master/slave, uptime, sincronismo e membros.;Primeiro comando em troubleshooting de HA/failover.;Confirme qual membro está ativo antes de manutenção.;FortiOS CLI;Baixo;https://docs.fortinet.com/document/fortigate/7.6.6/cli-reference/84566/fortios-cli-reference
Histórico HA;Mostra histórico de eventos HA;Fortinet;FortiOS;HA;FortiOS 7.2.x, 7.4.x, 7.6.x (validar sintaxe em 8.x quando aplicável);HA Cluster, FortiGate VM HA;Não;FGT #;diagnose sys ha history read;;Entender eventos de failover e mudanças de estado.;Após failover inesperado ou instabilidade.;Correlacione com logs de sistema e links.;FortiOS CLI;Baixo;https://docs.fortinet.com/document/fortigate/7.6.6/cli-reference/84566/fortios-cli-reference
Dump HA por vcluster;Mostra informações detalhadas por vcluster;Fortinet;FortiOS;HA;FortiOS 7.2.x, 7.4.x, 7.6.x (validar sintaxe em 8.x quando aplicável);HA Cluster, FortiGate VM HA;Não;FGT #;diagnose sys ha dump-by vcluster;;Analisar estado detalhado de cluster/vcluster.;Ambientes HA mais complexos ou multi-VDOM.;Saída técnica, compare entre membros.;FortiOS CLI;Baixo;https://docs.fortinet.com/document/fortigate/7.6.6/cli-reference/84566/fortios-cli-reference
Acessar membro HA;Conecta no CLI de um membro HA;Fortinet;FortiOS;HA;FortiOS 7.2.x, 7.4.x, 7.6.x (validar sintaxe em 8.x quando aplicável);HA Cluster, FortiGate VM HA;Não;FGT #;execute ha manage {{member_id}} {{admin_user}};;Entrar em membro secundário para manutenção/coleta.;Atualização, diagnóstico ou validação em unit específica.;Confirme member_id com get system ha status.;FortiOS CLI;Médio;https://docs.fortinet.com/document/fortigate/7.6.6/cli-reference/84566/fortios-cli-reference
Failover manual status;Mostra status de failover manual;Fortinet;FortiOS;HA;FortiOS 7.2.x, 7.4.x, 7.6.x (validar sintaxe em 8.x quando aplicável);HA Cluster, FortiGate VM HA;Não;FGT #;execute ha failover status;;Ver se failover manual está configurado/ativo.;Antes/depois de failover controlado.;Disponibilidade varia por modo/versão.;FortiOS CLI;Baixo;https://docs.fortinet.com/document/fortigate/7.6.6/cli-reference/84566/fortios-cli-reference
Configurar failover manual;Força failover/estado conforme cluster_id;Fortinet;FortiOS;HA;FortiOS 7.2.x, 7.4.x, 7.6.x (validar sintaxe em 8.x quando aplicável);HA Cluster, FortiGate VM HA;Não;FGT #;execute ha failover set {{cluster_id}};;Controlar failover manualmente.;Manutenção planejada no primário.;Ação disruptiva. Valide plano de rollback.;FortiOS CLI;Alto;https://docs.fortinet.com/document/fortigate/7.6.6/cli-reference/84566/fortios-cli-reference
Reset uptime HA;Reseta uptime usado na eleição HA;Fortinet;FortiOS;HA;FortiOS 7.2.x, 7.4.x, 7.6.x (validar sintaxe em 8.x quando aplicável);HA Cluster, FortiGate VM HA;Não;FGT #;diagnose sys ha reset-uptime;;Ajustar critério de eleição após manutenção.;Quando uptime influencia preferência de master.;Use apenas entendendo seleção de master.;FortiOS CLI;Médio;https://docs.fortinet.com/document/fortigate/7.6.6/cli-reference/84566/fortios-cli-reference
Debug HA hatalk;Ativa debug do processo HA talk;Fortinet;FortiOS;HA;FortiOS 7.2.x, 7.4.x, 7.6.x (validar sintaxe em 8.x quando aplicável);HA Cluster, FortiGate VM HA;Não;FGT #;"diagnose debug application hatalk -1
diagnose debug enable";;Diagnosticar comunicação HA.;Problemas de heartbeat, eleição ou membros instáveis.;Debug pode ser volumoso. Desative após coleta.;FortiOS CLI;Médio;https://docs.fortinet.com/document/fortigate/7.6.6/cli-reference/84566/fortios-cli-reference
Debug HA hasync;Ativa debug de sincronização HA;Fortinet;FortiOS;HA;FortiOS 7.2.x, 7.4.x, 7.6.x (validar sintaxe em 8.x quando aplicável);HA Cluster, FortiGate VM HA;Não;FGT #;"diagnose debug application hasync -1
diagnose debug enable";;Diagnosticar sincronização de configuração/sessão.;Quando membros ficam out-of-sync.;Desative com diagnose debug disable/reset.;FortiOS CLI;Médio;https://docs.fortinet.com/document/fortigate/7.6.6/cli-reference/84566/fortios-cli-reference
Status SD-WAN;Mostra estado geral do SD-WAN;Fortinet;FortiOS;SD-WAN;FortiOS 7.2.x, 7.4.x, 7.6.x (validar sintaxe em 8.x quando aplicável);Standalone, HA, VDOM, SD-WAN, FortiManager-managed;Não;FGT #;diagnose sys sdwan status;;Ver membros, serviços e estado operacional SD-WAN.;Troubleshooting de seleção de link e regras SD-WAN.;Execute no VDOM correto.;FortiOS CLI;Baixo;https://docs.fortinet.com/document/fortigate/7.6.6/cli-reference/84566/fortios-cli-reference
Health-check SD-WAN;Mostra health checks/performance SLA;Fortinet;FortiOS;SD-WAN;FortiOS 7.2.x, 7.4.x, 7.6.x (validar sintaxe em 8.x quando aplicável);Standalone, HA, VDOM, SD-WAN, FortiManager-managed;IP;FGT #;diagnose sys sdwan health-check;;Ver latência, jitter, perda e estado dos checks.;Quando SD-WAN escolhe link inesperado ou marca link down.;Valide servidores SLA e rotas para eles.;FortiOS CLI;Baixo;https://docs.fortinet.com/document/fortigate/7.6.6/cli-reference/84566/fortios-cli-reference
Membros SD-WAN;Mostra membros configurados no SD-WAN;Fortinet;FortiOS;SD-WAN;FortiOS 7.2.x, 7.4.x, 7.6.x (validar sintaxe em 8.x quando aplicável);Standalone, HA, VDOM, SD-WAN, FortiManager-managed;Não;FGT #;show system sdwan;;Auditar configuração SD-WAN.;Revisão de regras, membros e health-checks.;Em versões mais antigas, contexto pode ser virtual-wan-link.;FortiOS CLI;Baixo;https://docs.fortinet.com/document/fortigate/7.6.6/cli-reference/84566/fortios-cli-reference
Regras SD-WAN;Exibe serviços/regras SD-WAN;Fortinet;FortiOS;SD-WAN;FortiOS 7.2.x, 7.4.x, 7.6.x (validar sintaxe em 8.x quando aplicável);Standalone, HA, VDOM, SD-WAN, FortiManager-managed;IP/Porta;FGT #;diagnose sys sdwan service;;Ver quais regras SD-WAN existem e counters.;Quando aplicação sai por link errado.;Compare com policy routes e rotas.;FortiOS CLI;Baixo;https://docs.fortinet.com/document/fortigate/7.6.6/cli-reference/84566/fortios-cli-reference
Rota via SD-WAN para destino;Mostra decisão SD-WAN para destino quando suportado;Fortinet;FortiOS;SD-WAN;FortiOS 7.2.x, 7.4.x, 7.6.x (validar sintaxe em 8.x quando aplicável);Standalone, HA, VDOM, SD-WAN, FortiManager-managed;IP;FGT #;diagnose sys sdwan service {{service_id}};;Analisar seleção de regra/membro.;Troubleshooting de aplicação específica em SD-WAN.;"Sintaxe varia por versão; use ?.";FortiOS CLI;Baixo;https://docs.fortinet.com/document/fortigate/7.6.6/cli-reference/84566/fortios-cli-reference
Resumo túneis IPsec;Mostra resumo dos túneis IPsec;Fortinet;FortiOS;VPN;FortiOS 7.2.x, 7.4.x, 7.6.x (validar sintaxe em 8.x quando aplicável);Standalone, HA, VDOM, SD-WAN, FortiGate VM, FortiManager-managed;IP;FGT #;get vpn ipsec tunnel summary;;Ver túneis ativos, seletores e estado.;Troubleshooting inicial de VPN site-to-site.;Em VDOM, execute no VDOM correto.;FortiOS CLI;Baixo;https://docs2.fortinet.com/document/fortigate/7.6.6/cli-reference/574570212/config-vpn-ipsec-phase1
Listar túneis IPsec detalhado;Mostra detalhes de SAs IPsec;Fortinet;FortiOS;VPN;FortiOS 7.2.x, 7.4.x, 7.6.x (validar sintaxe em 8.x quando aplicável);Standalone, HA, VDOM, SD-WAN, FortiGate VM, FortiManager-managed;IP;FGT #;diagnose vpn tunnel list;;Analisar SAs, SPI, proxy-id/selectors e counters.;Quando túnel sobe mas tráfego não passa.;Saída extensa em ambientes com muitos túneis.;FortiOS CLI;Baixo;https://docs2.fortinet.com/document/fortigate/7.6.6/cli-reference/574570212/config-vpn-ipsec-phase1
Gateways IKE;Lista gateways IKE;Fortinet;FortiOS;VPN;FortiOS 7.2.x, 7.4.x, 7.6.x (validar sintaxe em 8.x quando aplicável);Standalone, HA, VDOM, SD-WAN, FortiGate VM, FortiManager-managed;IP;FGT #;diagnose vpn ike gateway list;;Ver estado de negociação IKE.;Problemas de fase 1/IKE ou peer não estabelecido.;Combine com debug application ike.;FortiOS CLI;Baixo;https://docs2.fortinet.com/document/fortigate/7.6.6/cli-reference/574570212/config-vpn-ipsec-phase1
Reset túnel IPsec;Derruba SAs de um túnel IPsec;Fortinet;FortiOS;VPN;FortiOS 7.2.x, 7.4.x, 7.6.x (validar sintaxe em 8.x quando aplicável);Standalone, HA, VDOM, SD-WAN, FortiGate VM, FortiManager-managed;IP;FGT #;diagnose vpn tunnel reset {{tunnel_name}};;Forçar renegociação de túnel específico.;Após mudança de parâmetros ou túnel travado.;Derruba temporariamente o túnel.;FortiOS CLI;Alto;https://docs2.fortinet.com/document/fortigate/7.6.6/cli-reference/574570212/config-vpn-ipsec-phase1
Debug IKE;Ativa debug detalhado de IKE;Fortinet;FortiOS;VPN;FortiOS 7.2.x, 7.4.x, 7.6.x (validar sintaxe em 8.x quando aplicável);Standalone, HA, VDOM, SD-WAN, FortiGate VM, FortiManager-managed;IP;FGT #;"diagnose debug application ike -1
diagnose debug enable";;Diagnosticar negociação IPsec/IKE.;Quando fase 1/fase 2 falha, PSK/certificado/proposal/ID incorreto.;Debug volumoso. Filtre por peer quando possível e desative após coleta.;FortiOS CLI;Médio;https://docs2.fortinet.com/document/fortigate/7.6.6/cli-reference/574570212/config-vpn-ipsec-phase1
Debug IKE por gateway;Filtra debug IKE por gateway quando suportado;Fortinet;FortiOS;VPN;FortiOS 7.2.x, 7.4.x, 7.6.x (validar sintaxe em 8.x quando aplicável);Standalone, HA, VDOM, SD-WAN, FortiGate VM, FortiManager-managed;IP;FGT #;"diagnose vpn ike log-filter dst-addr4 {{peer_ip}}
diagnose debug application ike -1
diagnose debug enable";;Reduzir debug IKE para um peer.;Ambientes com múltiplas VPNs e alto volume de negociação.;Valide sintaxe do log-filter com ? na versão.;FortiOS CLI;Médio;https://docs2.fortinet.com/document/fortigate/7.6.6/cli-reference/574570212/config-vpn-ipsec-phase1
SSL-VPN status;Mostra status de usuários/sessões SSL-VPN;Fortinet;FortiOS;VPN;FortiOS 7.2.x, 7.4.x, 7.6.x (validar sintaxe em 8.x quando aplicável);Standalone, HA, VDOM, SD-WAN, FortiGate VM, FortiManager-managed;IP;FGT #;get vpn ssl monitor;;Ver usuários conectados via SSL-VPN.;Suporte a acesso remoto, auditoria e troubleshooting de usuário.;A disponibilidade depende de SSL-VPN habilitado.;FortiOS CLI;Baixo;https://docs.fortinet.com/document/fortigate/7.6.6/cli-reference/84566/fortios-cli-reference
Debug SSL-VPN;Ativa debug do daemon SSL-VPN;Fortinet;FortiOS;VPN;FortiOS 7.2.x, 7.4.x, 7.6.x (validar sintaxe em 8.x quando aplicável);Standalone, HA, VDOM, SD-WAN, FortiGate VM, FortiManager-managed;IP;FGT #;"diagnose debug application sslvpn -1
diagnose debug enable";;Diagnosticar login, portal, túnel e erros SSL-VPN.;Falhas de autenticação, acesso ou estabelecimento do túnel.;Pode expor dados sensíveis em logs. Desative após coleta.;FortiOS CLI;Médio;https://docs.fortinet.com/document/fortigate/7.6.6/cli-reference/84566/fortios-cli-reference
Status FortiGuard;Mostra conectividade/licenças FortiGuard;Fortinet;FortiOS;FortiGuard;FortiOS 7.2.x, 7.4.x, 7.6.x (validar sintaxe em 8.x quando aplicável);Standalone, HA, VDOM, SD-WAN, FortiGate VM, FortiManager-managed;IP/Porta;FGT #;diagnose autoupdate versions;;Ver versões de engines, signatures e updates.;Problemas de update, webfilter, AV, IPS ou licenciamento.;Compare com GUI e conectividade FortiGuard.;FortiOS CLI;Baixo;https://docs.fortinet.com/document/fortigate/7.6.6/cli-reference/84566/fortios-cli-reference
Debug FortiGuard;Ativa debug do FortiGuard update;Fortinet;FortiOS;FortiGuard;FortiOS 7.2.x, 7.4.x, 7.6.x (validar sintaxe em 8.x quando aplicável);Standalone, HA, VDOM, SD-WAN, FortiGate VM, FortiManager-managed;IP/Porta;FGT #;"diagnose debug application update -1
diagnose debug enable";;Diagnosticar falhas de atualização/registro FortiGuard.;Quando update falha ou serviços de reputação não respondem.;Desative após coleta.;FortiOS CLI;Médio;https://docs.fortinet.com/document/fortigate/7.6.6/cli-reference/84566/fortios-cli-reference
Servidores FortiGuard;Mostra servidores FortiGuard selecionados;Fortinet;FortiOS;FortiGuard;FortiOS 7.2.x, 7.4.x, 7.6.x (validar sintaxe em 8.x quando aplicável);Standalone, HA, VDOM, SD-WAN, FortiGate VM, FortiManager-managed;IP/Porta;FGT #;diagnose debug rating;;Ver conectividade/rating WebFilter/FortiGuard.;Troubleshooting de classificação web e acesso FortiGuard.;Saída varia. Teste DNS/proxy se falhar.;FortiOS CLI;Baixo;https://docs.fortinet.com/document/fortigate/7.6.6/cli-reference/84566/fortios-cli-reference
WebFilter debug;Ativa debug do WebFilter;Fortinet;FortiOS;UTM;FortiOS 7.2.x, 7.4.x, 7.6.x (validar sintaxe em 8.x quando aplicável);Standalone, HA, VDOM, SD-WAN, FortiGate VM, FortiManager-managed;IP/URL;FGT #;"diagnose debug application urlfilter -1
diagnose debug enable";;Diagnosticar classificação e decisão de WebFilter.;Site categorizado errado ou política web não aplica.;Preferir filtro por cliente quando possível.;FortiOS CLI;Médio;https://docs.fortinet.com/document/fortigate/7.6.6/cli-reference/84566/fortios-cli-reference
WAD debug;Ativa debug do WAD/proxy;Fortinet;FortiOS;Proxy/Inspection;FortiOS 7.2.x, 7.4.x, 7.6.x (validar sintaxe em 8.x quando aplicável);Standalone, HA, VDOM, SD-WAN, FortiGate VM, FortiManager-managed;IP/Porta;FGT #;"diagnose wad debug enable category all
diagnose debug enable";;Diagnosticar proxy, deep inspection e recursos baseados em WAD.;Problemas com explicit proxy, SSL inspection, webfilter proxy-based.;Pode gerar muito volume. Use somente em janela/controlado.;FortiOS CLI;Médio;https://docs.fortinet.com/document/fortigate/7.6.6/cli-reference/84566/fortios-cli-reference
IPS sessões/estatísticas;Mostra estatísticas IPS;Fortinet;FortiOS;IPS;FortiOS 7.2.x, 7.4.x, 7.6.x (validar sintaxe em 8.x quando aplicável);Standalone, HA, VDOM, SD-WAN, FortiGate VM, FortiManager-managed;Não;FGT #;diagnose ips session status;;Ver estado e estatísticas do IPS.;Troubleshooting de performance ou inspeção IPS.;"Comando pode variar conforme build; use ?.";FortiOS CLI;Baixo;https://docs.fortinet.com/document/fortigate/7.6.6/cli-reference/84566/fortios-cli-reference
Antivirus monitor;Mostra estatísticas AV quando disponível;Fortinet;FortiOS;Antivirus;FortiOS 7.2.x, 7.4.x, 7.6.x (validar sintaxe em 8.x quando aplicável);Standalone, HA, VDOM, SD-WAN, FortiGate VM, FortiManager-managed;Não;FGT #;diagnose test application scanunit 1;;Checar estado básico de scanunit/AV.;Suspeita de falha no motor AV ou conserve mode.;"diagnose test application é sensível; use subcomandos com cautela.";FortiOS CLI;Médio;https://docs.fortinet.com/document/fortigate/7.6.6/cli-reference/84566/fortios-cli-reference
Config log FortiAnalyzer;Mostra configuração de envio para FortiAnalyzer;Fortinet;FortiOS;Logging;FortiOS 7.2.x, 7.4.x, 7.6.x (validar sintaxe em 8.x quando aplicável);Standalone, HA, VDOM, FortiAnalyzer logging, FortiManager-managed;IP/Porta;FGT #;show log fortianalyzer setting;;Auditar destino de logs FortiAnalyzer.;Quando logs não chegam ao FAZ/SIEM ou após mudança de management.;Valide também policy de log e conectividade.;FortiOS CLI;Baixo;https://docs.fortinet.com/document/fortigate/7.6.6/cli-reference/84566/fortios-cli-reference
Status FortiAnalyzer;Mostra status de conexão com FortiAnalyzer;Fortinet;FortiOS;Logging;FortiOS 7.2.x, 7.4.x, 7.6.x (validar sintaxe em 8.x quando aplicável);Standalone, HA, VDOM, FortiAnalyzer logging;IP/Porta;FGT #;diagnose test application miglogd 20;;Ver estado do processo de envio de logs.;Troubleshooting de logs não enviados ao FortiAnalyzer.;"diagnose test application pode variar; use ? para opções.";FortiOS CLI;Baixo;https://docs.fortinet.com/document/fortigate/7.6.6/cli-reference/84566/fortios-cli-reference
Debug log daemon;Ativa debug do miglogd;Fortinet;FortiOS;Logging;FortiOS 7.2.x, 7.4.x, 7.6.x (validar sintaxe em 8.x quando aplicável);Standalone, HA, VDOM, FortiAnalyzer logging;IP/Porta;FGT #;"diagnose debug application miglogd -1
diagnose debug enable";;Diagnosticar encaminhamento de logs.;Quando FortiAnalyzer não recebe logs ou há perda/intermitência.;Desative após coleta.;FortiOS CLI;Médio;https://docs.fortinet.com/document/fortigate/7.6.6/cli-reference/84566/fortios-cli-reference
Config FortiManager;Mostra configuração de gerenciamento central;Fortinet;FortiOS;Management;FortiOS 7.2.x, 7.4.x, 7.6.x (validar sintaxe em 8.x quando aplicável);FortiManager-managed, Standalone, HA, VDOM;IP/Porta;FGT #;show system central-management;;Ver status/configuração de FortiManager/FGFM.;Troubleshooting de gerenciamento central e policy install.;Confirme allowaccess fgfm na interface de management.;FortiOS CLI;Baixo;https://docs.fortinet.com/document/fortigate/7.6.6/cli-reference/84566/fortios-cli-reference
Debug FortiManager FGFM;Ativa debug do fgfmd;Fortinet;FortiOS;Management;FortiOS 7.2.x, 7.4.x, 7.6.x (validar sintaxe em 8.x quando aplicável);FortiManager-managed, Standalone, HA, VDOM;IP/Porta;FGT #;"diagnose debug application fgfmd -1
diagnose debug enable";;Diagnosticar comunicação FortiGate-FortiManager.;Quando dispositivo fica desconectado/unauthorized ou install falha.;Pode expor detalhes de comunicação. Desative após coleta.;FortiOS CLI;Médio;https://docs.fortinet.com/document/fortigate/7.6.6/cli-reference/84566/fortios-cli-reference
Logs locais recentes;Mostra logs locais via execute log quando disponível;Fortinet;FortiOS;Logging;FortiOS 7.2.x, 7.4.x, 7.6.x (validar sintaxe em 8.x quando aplicável);Standalone, HA, VDOM, SD-WAN, FortiGate VM, FortiManager-managed;Não;FGT #;"execute log filter category 0
execute log display";;Consultar logs locais pelo CLI.;Quando GUI não está acessível ou precisa coleta rápida.;Sintaxe varia por tipo de log e versão.;FortiOS CLI;Baixo;https://docs.fortinet.com/document/fortigate/7.6.6/cli-reference/84566/fortios-cli-reference
Listar administradores;Mostra administradores locais;Fortinet;FortiOS;Administration;FortiOS 7.2.x, 7.4.x, 7.6.x (validar sintaxe em 8.x quando aplicável);Standalone, HA, VDOM, SD-WAN, FortiGate VM, FortiManager-managed;Não;FGT #;show system admin;;Auditar contas administrativas locais.;Revisão de acesso, hardening e troubleshooting de login.;Verifique trusthost, accprofile e métodos MFA externos.;FortiOS CLI;Baixo;https://docs.fortinet.com/document/fortigate/7.6.6/cli-reference/84566/fortios-cli-reference
Criar administrador local;Cria conta administrativa local;Fortinet;FortiOS;Administration;FortiOS 7.2.x, 7.4.x, 7.6.x (validar sintaxe em 8.x quando aplicável);Standalone, HA, VDOM, SD-WAN, FortiGate VM, FortiManager-managed;Não;FGT #;"config system admin
edit {{admin_user}}
set accprofile {{profile}}
set vdom {{vdom_name}}
set password {{password}}
next
end";;Adicionar acesso administrativo local.;Break-glass, operação local ou segregação por VDOM.;Use senha forte, trusthost e perfil mínimo necessário.;FortiOS CLI;Alto;https://docs.fortinet.com/document/fortigate/7.6.6/cli-reference/84566/fortios-cli-reference
Configurar trusted hosts;Restringe IPs de origem do administrador;Fortinet;FortiOS;Administration;FortiOS 7.2.x, 7.4.x, 7.6.x (validar sintaxe em 8.x quando aplicável);Standalone, HA, VDOM, SD-WAN, FortiGate VM, FortiManager-managed;IP;FGT #;"config system admin
edit {{admin_user}}
set trusthost1 {{trusted_ip}} {{mask}}
next
end";;Reduzir superfície de ataque do acesso administrativo.;Hardening de administração.;Cuidado para não bloquear o próprio acesso.;FortiOS CLI;Alto;https://docs.fortinet.com/document/fortigate/7.6.6/cli-reference/84566/fortios-cli-reference
Perfis administrativos;Mostra perfis de permissão;Fortinet;FortiOS;Administration;FortiOS 7.2.x, 7.4.x, 7.6.x (validar sintaxe em 8.x quando aplicável);Standalone, HA, VDOM, SD-WAN, FortiGate VM, FortiManager-managed;Não;FGT #;show system accprofile;;Auditar permissões de administradores.;Revisão de privilégio mínimo.;FortiManager pode gerenciar perfis em ambientes centralizados.;FortiOS CLI;Baixo;https://docs.fortinet.com/document/fortigate/7.6.6/cli-reference/84566/fortios-cli-reference
Status NTP;Mostra configuração NTP;Fortinet;FortiOS;System;FortiOS 7.2.x, 7.4.x, 7.6.x (validar sintaxe em 8.x quando aplicável);Standalone, HA, VDOM, SD-WAN, FortiGate VM, FortiManager-managed;IP/Porta;FGT #;show system ntp;;Validar sincronismo de horário.;Logs, VPN, certificados, MFA e correlação SIEM dependem de horário correto.;Verifique reachability UDP/123.;FortiOS CLI;Baixo;https://docs.fortinet.com/document/fortigate/7.6.6/cli-reference/84566/fortios-cli-reference
Configurar NTP;Define servidor NTP;Fortinet;FortiOS;System;FortiOS 7.2.x, 7.4.x, 7.6.x (validar sintaxe em 8.x quando aplicável);Standalone, HA, VDOM, SD-WAN, FortiGate VM, FortiManager-managed;IP/Porta;FGT #;"config system ntp
set ntpsync enable
set type custom
config ntpserver
edit 1
set server {{ntp_server}}
next
end
end";;Configurar sincronismo de tempo.;Setup inicial ou correção de drift.;Mudança de horário pode afetar logs e autenticação.;FortiOS CLI;Médio;https://docs.fortinet.com/document/fortigate/7.6.6/cli-reference/84566/fortios-cli-reference
DNS configurado;Mostra servidores DNS;Fortinet;FortiOS;System;FortiOS 7.2.x, 7.4.x, 7.6.x (validar sintaxe em 8.x quando aplicável);Standalone, HA, VDOM, SD-WAN, FortiGate VM, FortiManager-managed;IP;FGT #;show system dns;;Auditar DNS usado pelo FortiGate.;Falhas FortiGuard, FQDN objects, updates ou integrações.;DNS incorreto afeta resolução de objetos FQDN.;FortiOS CLI;Baixo;https://docs.fortinet.com/document/fortigate/7.6.6/cli-reference/84566/fortios-cli-reference
Configurar DNS;Define DNS primário/secundário;Fortinet;FortiOS;System;FortiOS 7.2.x, 7.4.x, 7.6.x (validar sintaxe em 8.x quando aplicável);Standalone, HA, VDOM, SD-WAN, FortiGate VM, FortiManager-managed;IP;FGT #;"config system dns
set primary {{dns1}}
set secondary {{dns2}}
end";;Configurar resolução de nomes.;Setup inicial ou correção de FortiGuard/FQDN.;Valide rota/policy para DNS.;FortiOS CLI;Médio;https://docs.fortinet.com/document/fortigate/7.6.6/cli-reference/84566/fortios-cli-reference
Listar DHCP servers;Mostra servidores DHCP configurados;Fortinet;FortiOS;Services;FortiOS 7.2.x, 7.4.x, 7.6.x (validar sintaxe em 8.x quando aplicável);Standalone, HA, VDOM, SD-WAN, FortiGate VM, FortiManager-managed;IP;FGT #;show system dhcp server;;Auditar escopos DHCP no FortiGate.;Troubleshooting de clientes sem IP.;Em VDOM, contexto correto importa.;FortiOS CLI;Baixo;https://docs.fortinet.com/document/fortigate/7.6.6/cli-reference/84566/fortios-cli-reference
Concessões DHCP;Mostra leases DHCP;Fortinet;FortiOS;Services;FortiOS 7.2.x, 7.4.x, 7.6.x (validar sintaxe em 8.x quando aplicável);Standalone, HA, VDOM, SD-WAN, FortiGate VM, FortiManager-managed;IP;FGT #;execute dhcp lease-list;;Ver clientes que receberam IP.;Cliente não recebe IP ou conflito de endereços.;A saída varia por versão/modelo.;FortiOS CLI;Baixo;https://docs.fortinet.com/document/fortigate/7.6.6/cli-reference/84566/fortios-cli-reference
Limpar lease DHCP;Remove lease DHCP específico/global conforme opção;Fortinet;FortiOS;Services;FortiOS 7.2.x, 7.4.x, 7.6.x (validar sintaxe em 8.x quando aplicável);Standalone, HA, VDOM, SD-WAN, FortiGate VM, FortiManager-managed;IP;FGT #;execute dhcp lease-clear {{ip_or_all}};;Forçar renovação de lease.;Correção de lease preso ou teste controlado.;Pode afetar clientes DHCP.;FortiOS CLI;Médio;https://docs.fortinet.com/document/fortigate/7.6.6/cli-reference/84566/fortios-cli-reference
Local-in policy;Mostra políticas locais do FortiGate;Fortinet;FortiOS;Security;FortiOS 7.2.x, 7.4.x, 7.6.x (validar sintaxe em 8.x quando aplicável);Standalone, HA, VDOM, SD-WAN, FortiGate VM, FortiManager-managed;IP/Porta;FGT #;show firewall local-in-policy;;Auditar controle de tráfego destinado ao próprio FortiGate.;Hardening de SSH/HTTPS/SNMP/VPN para o firewall.;Pode existir por VDOM/global conforme versão.;FortiOS CLI;Baixo;https://docs.fortinet.com/document/fortigate/7.6.6/cli-reference/84566/fortios-cli-reference
Criar local-in policy deny;Cria regra local-in de bloqueio;Fortinet;FortiOS;Security;FortiOS 7.2.x, 7.4.x, 7.6.x (validar sintaxe em 8.x quando aplicável);Standalone, HA, VDOM, SD-WAN, FortiGate VM, FortiManager-managed;IP/Porta;FGT #;"config firewall local-in-policy
edit {{id}}
set intf {{interface}}
set srcaddr {{srcaddr}}
set dstaddr all
set service {{service}}
set schedule always
set action deny
next
end";;Bloquear acesso administrativo ou serviços locais ao FortiGate.;Hardening contra origens não autorizadas.;Pode bloquear acesso legítimo. Teste com console disponível.;FortiOS CLI;Alto;https://docs.fortinet.com/document/fortigate/7.6.6/cli-reference/84566/fortios-cli-reference
Automation stitches;Mostra automações configuradas;Fortinet;FortiOS;Automation;FortiOS 7.2.x, 7.4.x, 7.6.x (validar sintaxe em 8.x quando aplicável);Standalone, HA, VDOM, SD-WAN, FortiGate VM, FortiManager-managed;Não;FGT #;show system automation-stitch;;Auditar automações de resposta/eventos.;Revisar ações automáticas que podem alterar ambiente.;Verifique triggers e actions relacionadas.;FortiOS CLI;Baixo;https://docs.fortinet.com/document/fortigate/7.6.6/cli-reference/84566/fortios-cli-reference
REST API admins;Mostra contas API admin;Fortinet;FortiOS;API;FortiOS 7.2.x, 7.4.x, 7.6.x (validar sintaxe em 8.x quando aplicável);Standalone, HA, VDOM, SD-WAN, FortiGate VM, FortiManager-managed;Não;FGT #;show system api-user;;Auditar contas de API.;Integrações, automações e segurança de tokens.;Proteja tokens e restrinja trusted hosts.;FortiOS CLI;Baixo;https://docs.fortinet.com/document/fortigate/7.6.6/cli-reference/84566/fortios-cli-reference
Status de blades/chassis quando disponível;Mostra status de chassis/blades em modelos high-end quando suportado;Fortinet;FortiOS;Chassis;FortiOS 7.2.x, 7.4.x, 7.6.x (validar sintaxe em 8.x quando aplicável);FortiGate 5000/6000/7000, HA;Não;FGT #;diagnose sys blade status;;Verificar blades, FPCs ou módulos em plataformas high-end.;Troubleshooting de ambientes FortiGate 5000/6000/7000.;Comando disponível somente em modelos suportados.;FortiOS CLI;Baixo;https://docs.fortinet.com/document/fortigate/7.6.6/cli-reference/84566/fortios-cli-reference
Sessões por NP/ASIC;Mostra estatísticas de aceleração/offload quando disponível;Fortinet;FortiOS;Hardware Acceleration;FortiOS 7.2.x, 7.4.x, 7.6.x (validar sintaxe em 8.x quando aplicável);FortiGate appliance, HA, VDOM;Não;FGT #;diagnose npu np6 session-stats;;Analisar offload e sessões aceleradas em NP6/NP7.;Performance, tráfego não acelerado ou comportamento de ASIC.;Sintaxe varia por ASIC/modelo. Valide comandos diagnose npu com tree.;FortiOS CLI;Baixo;https://docs.fortinet.com/document/fortigate/7.6.6/cli-reference/84566/fortios-cli-reference
Interfaces NPU;Mostra mapeamento/estado NPU quando disponível;Fortinet;FortiOS;Hardware Acceleration;FortiOS 7.2.x, 7.4.x, 7.6.x (validar sintaxe em 8.x quando aplicável);FortiGate appliance, HA;Não;FGT #;diagnose npu np6 port-list;;Ver interfaces associadas a ASIC NP.;Troubleshooting de offload e performance em hardware.;Disponível conforme modelo/ASIC.;FortiOS CLI;Baixo;https://docs.fortinet.com/document/fortigate/7.6.6/cli-reference/84566/fortios-cli-reference
